{"11350.0": {"0.002": {"Радиус ПЭ, мм": 2.0, "Радиус БП": 0.019, "Количество элементов": 411, "Дистанция поражения": 10, "Попало ПЭ": 13, "Масса ПЭ, г": 0.0005897632999772027, "Скорость, м/с": 100.0, "Энергия": 38.33461449851817}}}